{"stats":{"minecraft:used":{"minecraft:dirt":5},"minecraft:crafted":{"minecraft:spruce_planks":4,"minecraft:stick":8},"minecraft:mined":{"minecraft:grass_block":3,"minecraft:spruce_leaves":3,"minecraft:spruce_log":5,"minecraft:dirt":2},"minecraft:picked_up":{"minecraft:spruce_sapling":1,"minecraft:spruce_log":5,"minecraft:snowball":4,"minecraft:dirt":5},"minecraft:custom":{"minecraft:jump":34,"minecraft:time_since_rest":8002,"minecraft:leave_game":1,"minecraft:walk_one_cm":12608,"minecraft:damage_taken":10,"minecraft:crouch_one_cm":83,"minecraft:play_time":8002,"minecraft:sprint_one_cm":10149,"minecraft:time_since_death":8002,"minecraft:sneak_time":10,"minecraft:total_world_time":8002,"minecraft:fly_one_cm":3002,"minecraft:fall_one_cm":209}},"DataVersion":3465}